{
  "project_info": {
    "project_number": "2203132940",
    "firebase_url": "https://community-app-e9b71.firebaseio.com",
    "project_id": "community-app-e9b71",
    "storage_bucket": "community-app-e9b71.appspot.com"
  },
  "client": [
    {
      "client_info": {
        "mobilesdk_app_id": "1:2203132940:android:dcc035ea18faa0be05fa29",
        "android_client_info": {
          "package_name": "com.weenggs.community"
        }
      },
      "oauth_client": [
        {
          "client_id": "2203132940-oq076d9c5s88jon7oa7sqoi7imb12sfi.apps.googleusercontent.com",
          "client_type": 1,
          "android_info": {
            "package_name": "com.weenggs.community",
            "certificate_hash": "c8b94015b7eb8c01a386654fd2953ea987fb98ae"
          }
        },
        {
          "client_id": "2203132940-122hv0l3qojvv1kl3g56g5djt4qdpep2.apps.googleusercontent.com",
          "client_type": 1,
          "android_info": {
            "package_name": "com.weenggs.community",
            "certificate_hash": "8fd50075f6506df87e4b1bd02c64849dde2a7efb"
          }
        },
        {
          "client_id": "2203132940-vu48fkg20cmrrtlj22iuar4tv3h3ldvr.apps.googleusercontent.com",
          "client_type": 3
        }
      ],
      "api_key": [
        {
          "current_key": "AIzaSyBKbc2EovgOuZbpDeeJbT0Cy3dMRpUeJcg"
        }
      ],
      "services": {
        "appinvite_service": {
          "other_platform_oauth_client": [
            {
              "client_id": "2203132940-vu48fkg20cmrrtlj22iuar4tv3h3ldvr.apps.googleusercontent.com",
              "client_type": 3
            }
          ]
        }
      }
    }
  ],
  "configuration_version": "1"
}